{
    "blue": [
        [
            50.08628,
            14.42134
        ],
        [
            50.08597,
            14.42069
        ],
        [
            50.08509666666667,
            14.419940000000002
        ],
        [
            50.08390000000001,
            14.420190000000002
        ],
        [
            50.083725,
            14.418460000000001
        ],
        [
            50.08241,
            14.41914
        ],
        [
            50.08180000000001,
            14.416796666666668
        ],
        [
            50.081495000000004,
            14.4145
        ],
        [
            50.082800000000006,
            14.413265
        ],
        [
            50.0842,
            14.41346
        ],
        [
            50.08509,
            14.41383
        ],
        [
            50.086890000000004,
            14.414890000000002
        ],
        [
            50.08858000000001,
            14.415590000000002
        ],
        [
            50.09141000000001,
            14.40984
        ],
        [
            50.091,
            14.408130000000002
        ],
        [
            50.090520000000005,
            14.406010000000002
        ],
        [
            50.09,
            14.40497
        ],
        [
            50.08854,
            14.40482
        ],
        [
            50.088595000000005,
            14.402640000000002
        ],
        [
            50.08778,
            14.402490000000002
        ],
        [
            50.08668,
            14.403905000000002
        ],
        [
            50.08523,
            14.40454
        ],
        [
            50.08956,
            14.41267
        ],
        [
            50.08956,
            14.41267
        ],
        [
            50.08956,
            14.41267
        ],
        [
            50.08956,
            14.41267
        ],
        [
            50.08956,
            14.41267
        ]
    ],
    "red": [
        [
            50.08628,
            14.42134
        ],
        [
            50.08597,
            14.42069
        ],
        [
            50.08509666666667,
            14.419940000000002
        ],
        [
            50.08390000000001,
            14.420190000000002
        ],
        [
            50.083725,
            14.418460000000001
        ],
        [
            50.08241,
            14.41914
        ],
        [
            50.08198,
            14.417515000000002
        ],
        [
            50.082080000000005,
            14.415890000000001
        ],
        [
            50.082350000000005,
            14.414860000000001
        ],
        [
            50.08317,
            14.41393
        ],
        [
            50.083045,
            14.413170000000001
        ],
        [
            50.081540833333335,
            14.4092625
        ],
        [
            50.081250000000004,
            14.407425
        ],
        [
            50.08118,
            14.404580000000001
        ],
        [
            50.082480000000004,
            14.404460000000002
        ],
        [
            50.085170000000005,
            14.40431
        ],
        [
            50.085010000000004,
            14.40459
        ]
    ],
    "green": [
        [
            50.08628,
            14.42134
        ],
        [
            50.08597,
            14.42069
        ],
        [
            50.08509666666667,
            14.419940000000002
        ],
        [
            50.08390000000001,
            14.420190000000002
        ],
        [
            50.083725,
            14.418460000000001
        ],
        [
            50.08241,
            14.41914
        ],
        [
            50.08180000000001,
            14.416796666666668
        ],
        [
            50.081495000000004,
            14.4145
        ],
        [
            50.08093,
            14.413100000000002
        ],
        [
            50.07904666666667,
            14.41403
        ],
        [
            50.07802666666667,
            14.414203333333335
        ],
        [
            50.07605,
            14.41398
        ],
        [
            50.075462,
            14.410144
        ],
        [
            50.075450000000004,
            14.408850000000001
        ],
        [
            50.07647000000001,
            14.408500000000002
        ],
        [
            50.078340000000004,
            14.40813
        ],
        [
            50.079214,
            14.408074000000001
        ],
        [
            50.08109,
            14.407950000000001
        ],
        [
            50.081250000000004,
            14.407490000000001
        ],
        [
            50.08119000000001,
            14.404975
        ],
        [
            50.082060000000006,
            14.4045
        ],
        [
            50.084630000000004,
            14.404330000000002
        ]
    ],
    "orange": [
        [
            50.08628,
            14.42134
        ],
        [
            50.08597,
            14.42069
        ],
        [
            50.08509666666667,
            14.419940000000002
        ],
        [
            50.08390000000001,
            14.420190000000002
        ],
        [
            50.083725,
            14.418460000000001
        ],
        [
            50.08241,
            14.41914
        ],
        [
            50.08180000000001,
            14.416796666666668
        ],
        [
            50.081495000000004,
            14.4145
        ],
        [
            50.08093,
            14.413100000000002
        ],
        [
            50.07904666666667,
            14.41403
        ],
        [
            50.07802666666667,
            14.414203333333335
        ],
        [
            50.07605,
            14.41398
        ],
        [
            50.074130000000004,
            14.41383
        ],
        [
            50.072755,
            14.411160000000002
        ],
        [
            50.07190666666667,
            14.408500000000002
        ],
        [
            50.07072,
            14.408830000000002
        ],
        [
            50.070910000000005,
            14.41045
        ],
        [
            50.072140000000005,
            14.410540000000001
        ],
        [
            50.07465750000001,
            14.409435
        ],
        [
            50.07631000000001,
            14.40863
        ],
        [
            50.077630000000006,
            14.408180000000002
        ],
        [
            50.07938333333334,
            14.408066666666668
        ],
        [
            50.08043666666667,
            14.408000000000001
        ],
        [
            50.08124,
            14.40793
        ],
        [
            50.08124,
            14.407240000000002
        ],
        [
            50.08118,
            14.404580000000001
        ],
        [
            50.082480000000004,
            14.404460000000002
        ],
        [
            50.085170000000005,
            14.40431
        ],
        [
            50.085010000000004,
            14.40459
        ]
    ],